,value,size,mean,column
0,low,4462591,0.0,HasDetections
0,low,866540,0.33323562674544743,AVProductStatesIdentifier
2,Slate,492537,0.36807996150543004,Census_PowerPlatformRoleName
1,high,508168,0.3724890193794178,Census_IsAlwaysOnAlwaysConnectedCapable
0,low,483157,0.3813522312623019,IsProtected
1,x86,815702,0.38420158342139654,Processor
1,x86,815252,0.3851802878128481,Census_OSArchitecture
1,medium,935271,0.42152809185786794,AVProductStatesIdentifier
1,RequireAdmin,4316183,0.4374056892397751,SmartScreen
1,high,1120031,0.4464671067140106,Census_IsTouchEnabled
1,medium,730819,0.46226904336094166,OsBuild
0,rs1,730819,0.46226904336094166,OsPlatformSubRelease
1,medium,785549,0.46344149123733847,Census_OSBuildNumber
0,rs1_release,785534,0.46344270267104926,Census_OSBranch
2,rs3_release,1237321,0.4652608336882668,Census_OSBranch
0,Core,3469991,0.47180583465490256,Census_OSEdition
0,CORE,3469869,0.47180714891542014,Census_OSSkuName
5,Upgrade,1251559,0.4733560303589363,Census_OSInstallTypeName
1,Notify,2034254,0.47537131547977785,Census_OSWUAutoUpdateOptionsName
0,low,865172,0.47764144008359033,Census_OSBuildNumber
4,Update,1593308,0.47776575527142273,Census_OSInstallTypeName
1,rs2_release,797066,0.47878092905731773,Census_OSBranch
1,rs2,780270,0.4788752611275584,OsPlatformSubRelease
2,Reset,649201,0.4801224890288216,Census_OSInstallTypeName
1,Other,840121,0.48021058871281636,Census_OSInstallTypeName
0,low,970195,0.48180932699096574,OsBuild
0,low,6174143,0.4821137119758969,Wdft_IsGamer
0,lion,2028256,0.48286508211981133,Census_InternalBatteryType
1,medium,1666234,0.48309481141304284,Census_OSInstallLanguageIdentifier
1,medium,635164,0.4833759469995151,Census_OSUILocaleIdentifier
0,4.18.1806.18062,850929,0.4852143950905422,AppVersion
2,high,1297185,0.4854920462385859,Census_OEMNameIdentifier
2,high,2758082,0.4855867229473235,Wdft_RegionIdentifier
0,low,1512703,0.48759273961907923,Census_IsFlightingInternal
1,medium,2116961,0.4878082307609824,LocaleEnglishNameIdentifier
0,15063.0.amd64fre.rs2_release.170317-1834,718033,0.4884051290121763,OsBuildLab
0,low,1040511,0.4899227398845375,Census_ProcessorManufacturerIdentifier
0,low,1034519,0.4901021634208748,Census_ProcessorModelIdentifier
1,16299.15.amd64fre.rs3_release.170928-1534,961060,0.4908600919817701,OsBuildLab
1,1.1.15200.1,3845067,0.49173213366633145,EngineVersion
1,high,5560859,0.4919301136748837,OsSuite
0,low,3261779,0.49193155023684926,Census_IsWIMBootEnabled
1,Retail,4727589,0.4919461061441678,Census_ActivationChannel
0,low,3253342,0.4920340376142441,Census_ThresholdOptIn
2,rs3,2503681,0.492127791040472,OsPlatformSubRelease
0,Home,5514341,0.4922660749489377,SkuEdition
0,low,6388735,0.49267703230764776,Census_InternalBatteryNumberOfCharges
1,Laptop,685581,0.4928432964157408,Census_ChassisTypeName
0,INVALID_LICENSE,801692,0.49331039850715735,Census_GenuineStateName
0,low,3341485,0.4949939921920942,CountryIdentifier
1,medium,4204797,0.4951537493962253,Census_FirmwareManufacturerIdentifier
0,low,2592043,0.49592464322544033,GeoNameIdentifier
0,OEM:DM,3413350,0.49662267274085575,Census_ActivationChannel
0,low,8232858,0.49677888286182026,Census_HasOpticalDiskDrive
2,UNKNOWN,2519925,0.49686240661924463,Census_OSWUAutoUpdateOptionsName
0,low,4809781,0.49712762389805276,LocaleEnglishNameIdentifier
1,SSD,2466808,0.4972506980681107,Census_PrimaryDiskTypeName
2,high,2715293,0.49748517010871385,CityIdentifier
1,medium,4207714,0.4975193180905356,OrganizationIdentifier
2,high,2486916,0.4976790530922637,Census_FirmwareVersionIdentifier
0,10.0.16299.431,546546,0.4982197289889598,Census_OSVersion
1,medium,4055150,0.4983593701835937,Census_OEMNameIdentifier
2,high,5417772,0.4984048793489279,Census_OEMModelIdentifier
1,high,4336045,0.498912949473541,Census_IsSecureBootEnabled
0,low,2725963,0.49935820845697465,CityIdentifier
1,IS_GENUINE,7877597,0.4995787420960986,Census_GenuineStateName
0,low,8880075,0.4995856453915085,Census_ProcessorCoreCount
1,medium,5957157,0.49958898179114636,Census_ProcessorModelIdentifier
0,low,8760872,0.4996549430239364,Census_IsFlightsDisabled
0,low,8868464,0.49965890372898847,Census_PrimaryDiskTotalCapacity
0,low,8868471,0.49965963693177773,Census_SystemVolumeTotalCapacity
0,low,8835921,0.49971451759245017,Census_InternalPrimaryDiagonalDisplaySizeInInches
0,low,8910630,0.49973391331477124,UacLuaenable
0,low,8916619,0.4997635314461681,Census_IsPortableOperatingSystem
1,medium,2036473,0.4997709274809929,GeoNameIdentifier
0,10.0.0.0,8632545,0.499777875470096,OsVer
0,low,8872129,0.4997806050836276,Census_InternalPrimaryDisplayResolutionVertical
0,low,8869879,0.4997829169935689,Census_InternalPrimaryDisplayResolutionHorizontal
0,low,8921225,0.49979134031481104,AutoSampleOptIn
0,low,8921416,0.4997927459049102,IsBeta
0,win8defender,8826520,0.4999581941693895,ProductName
0,low,8889144,0.49995983865263066,RtpStateBitfield
0,low,8555881,0.4999611378419125,IeVerIdentifier
0,windows10,8618715,0.5000315012156684,Platform
0,Windows.Desktop,8907053,0.5000364318029769,Census_DeviceFamily
0,high,8641014,0.5000702463854357,Firewall
0,high,8814167,0.5000955847557688,HasTpm
0,low,8840937,0.500108868550924,Census_TotalPhysicalRAM
0,low,8649854,0.5002139920511953,Census_OSBuildRevision
0,low,3589522,0.5003688513400949,Census_FirmwareVersionIdentifier
0,low,6089247,0.5004175393115109,Census_OSUILocaleIdentifier
0,low,4585438,0.5006245859174194,Census_IsSecureBootEnabled
1,medium,7839319,0.500887896002191,Census_ProcessorManufacturerIdentifier
2,Notebook,5248812,0.5009163978439312,Census_ChassisTypeName
0,Retail,8355679,0.5009577318611689,Census_FlightRing
1,medium,2887083,0.5014722472474813,Census_OEMModelIdentifier
2,high,3043256,0.5014852513229252,CountryIdentifier
0,low,8581834,0.5015013107920755,Census_IsPenCapable
0,low,8842840,0.5019427016659807,Census_IsVirtualDevice
1,Mobile,6182908,0.5021147007201142,Census_PowerPlatformRoleName
0,low,8766840,0.5021212888566462,IsSxsPassiveMode
2,high,4292754,0.5021471064962026,GeoNameIdentifier
1,Notebook,5723319,0.5025323592831362,Census_MDC2FormFactor
1,medium,2911476,0.5027759115994774,Wdft_RegionIdentifier
2,high,2197072,0.5028069175702935,Census_OSUILocaleIdentifier
0,low,5636046,0.5028786138367217,Census_OSInstallLanguageIdentifier
1,medium,3154818,0.5030569116823855,CityIdentifier
3,10.0.17134.285,470280,0.5034979161350684,Census_OSVersion
1,medium,2536742,0.5040831901706992,CountryIdentifier
0,low,8680059,0.5041847065786074,AVProductsEnabled
2,high,1888464,0.504765777902041,Census_ProcessorModelIdentifier
0,low,1798097,0.505177418125941,OrganizationIdentifier
0,low,8379843,0.5053532625849911,SMode
0,low,8667902,0.5055518624922155,AVProductsInstalled
1,medium,2684912,0.5056333317442061,Census_FirmwareVersionIdentifier
2,high,7220469,0.5060070197656136,OsBuild
2,high,1559119,0.5060710567955364,Census_OSInstallLanguageIdentifier
2,high,7270762,0.506356005051465,Census_OSBuildNumber
0,HDD,5806804,0.5064832565383643,Census_PrimaryDiskTypeName
1,high,8402282,0.507135799536364,IsProtected
0,low,8341972,0.507416951291613,Census_IsAlwaysOnAlwaysConnectedCapable
0,low,7801452,0.5074484852306981,Census_IsTouchEnabled
0,low,3473670,0.5074906367041199,Census_OEMNameIdentifier
0,low,2948474,0.5080122802507331,Wdft_RegionIdentifier
0,low,514395,0.510125487222854,Census_OEMModelIdentifier
0,amd64,8105885,0.51134058773348,Census_OSArchitecture
0,x64,8105435,0.5114460852502055,Processor
2,Professional,3130566,0.5116835102661946,Census_OSEdition
2,PROFESSIONAL,3187913,0.5123452239756857,Census_OSSkuName
0,low,3359126,0.5128822199584059,OsSuite
1,Pro,3224164,0.5132263743407594,SkuEdition
0,low,4120544,0.5140415925664185,Census_FirmwareManufacturerIdentifier
1,high,2263993,0.5155956754283251,Census_InternalBatteryNumberOfCharges
0,FullAuto,3954497,0.5160663922617719,Census_OSWUAutoUpdateOptionsName
3,rs3_release_svc_escrow,1199767,0.5165819696657767,Census_OSBranch
2,16299.431.amd64fre.rs3_release_svc_escrow.180502-1908,1252674,0.517033162658441,OsBuildLab
2,high,1994741,0.5189375462779379,LocaleEnglishNameIdentifier
3,rs4,3915526,0.5207272279637525,OsPlatformSubRelease
4,rs4_release,4009158,0.5220245747361416,Census_OSBranch
0,IBSClean,1650733,0.5226042006793346,Census_OSInstallTypeName
0,Desktop,1951086,0.5227094038909612,Census_MDC2FormFactor
0,Desktop,2066620,0.5243871635811131,Census_PowerPlatformRoleName
0,Desktop,1872125,0.5245979835748147,Census_ChassisTypeName
3,UUPUpgrade,2608037,0.5265013494823885,Census_OSInstallTypeName
1,CORE_SINGLELANGUAGE,1945133,0.5290728191851148,Census_OSSkuName
1,CoreSingleLanguage,1945461,0.5290869362068938,Census_OSEdition
3,17134.1.amd64fre.rs4_release.180410-1804,3658199,0.5296455988315562,OsBuildLab
1,4.18.1807.18075,5139224,0.5303851320744144,AppVersion
2,high,7083451,0.5311329181214072,AVProductStatesIdentifier
2,10.0.17134.228,1413627,0.5337327314772567,Census_OSVersion
1,high,688625,0.5358242875294972,Census_HasOpticalDiskDrive
1,high,2443889,0.5418944968449877,Wdft_IsGamer
0,1.1.15100.1,3675915,0.552692594904942,EngineVersion
1,10.0.17134.165,899711,0.5639744317897636,Census_OSVersion
2,Volume:GVLK,450954,0.5946992376162535,Census_ActivationChannel
0,ExistsNotSet,1046183,0.80736353008986,SmartScreen
1,high,4458892,1.0,HasDetections
